<Page xmlns="http://schemas.nativescript.org/tns.xsd">
    <ActionBar title="T-Code Details">
        <NavigationButton text="Back" android.systemIcon="ic_menu_back" tap="{{ onBack }}"/>
        <ActionItem text="Edit" ios.position="right" tap="{{ onEdit }}" />
    </ActionBar>

    <ScrollView>
        <StackLayout class="p-4">
            <Label text="{{ tcode.code }}" class="text-2xl font-bold mb-2"/>
            <Label text="Description" class="text-lg font-semibold mt-4"/>
            <Label text="{{ tcode.description }}" textWrap="true" class="text-gray-700 mb-4"/>
            <Label text="Created" class="text-lg font-semibold mt-4"/>
            <Label text="{{ tcode.createdAt | date }}" class="text-gray-700"/>
        </StackLayout>
    </ScrollView>
</Page>