<Page xmlns="http://schemas.nativescript.org/tns.xsd" navigatingTo="navigatingTo">
    <ActionBar>
        <NavigationButton text="Menu" android.systemIcon="ic_menu_moreoverflow" tap="{{ onMenu }}" />
        <ActionBar.titleView>
            <SearchBar hint="Search T-codes..." text="{{ searchQuery }}" 
                submit="{{ onSearch }}" textChange="{{ onSearchTextChanged }}" 
                class="action-bar-search"/>
        </ActionBar.titleView>
        <ActionItem text="New" ios.position="right" tap="{{ onNew }}" />
    </ActionBar>

    <GridLayout rows="auto, *">
        <ListView items="{{ filteredTCodes }}" row="1">
            <ListView.itemTemplate>
                <GridLayout columns="*" class="p-2 border-b border-gray-200">
                    <SwipeLayout threshold="100" class="swipe-layout">
                        <SwipeLayout.leftItem>
                            <GridLayout columns="auto, auto" class="swipe-actions">
                                <StackLayout col="0" class="edit-btn" tap="{{ $parent.onEdit }}">
                                    <Label text="Edit" class="text-white text-center p-2"/>
                                </StackLayout>
                                <StackLayout col="1" class="delete-btn" tap="{{ $parent.onDelete }}">
                                    <Label text="Delete" class="text-white text-center p-2"/>
                                </StackLayout>
                            </GridLayout>
                        </SwipeLayout.leftItem>
                        
                        <SwipeLayout.mainContent>
                            <StackLayout tap="{{ $parent.onTCodeTap }}">
                                <Label text="{{ code }}" class="font-bold text-lg"/>
                                <Label text="{{ description }}" textWrap="true" class="text-gray-600"/>
                            </StackLayout>
                        </SwipeLayout.mainContent>
                    </SwipeLayout>
                </GridLayout>
            </ListView.itemTemplate>
        </ListView>
    </GridLayout>
</Page>